id_invoice,id_customer,id_barang,id_cabang_sales,nama,cabang_sales,group,kode_lini,lini,id_distributor,nama_barang,tanggal,jumlah_barang,kemasan,harga
IN5978,CUST55670,BRG0001,CAB06,APOTEK SINAR JAYA,Bekasi,Apotek,206,OGB & PH,TA,ACYCLOVIR DUS,5/25/2022,9,DUS,96000
IN5979,CUST55598,BRG0009,CAB02,APOTEK MAJA,Kuningan,Apotek,207,VNS,TA,AMBROXOL HC,3/28/2022,18,BOTOL,31000
IN5980,CUST55432,BRG0003,CAB01,APOTEK TAPAK,Aceh,Apotek,210,MARCKS,EPM,AMPICILLIN,1/23/2022,20,BOTOL,17000
IN5981,CUST55443,BRG0004,CAB04,APOTEK MERDEKA,Bandung,Apotek,201,VNS,TA,TRAMADOL KAPSUL 50 MG,1/28/2022,76,KAPSUL,24500
IN5982,CUST55535,BRG0006,CAB06,APOTEK SINAR JAYA,Bekasi,Apotek,205,OGB & PH,TA,KETOCONAZOLE TABLET 200 MG,1/30/2022,5,TABLET,39000
IN5983,CUST55622,BRG0003,CAB03,KLINIK GM,Jakarta,Klinik,210,MARCKS,TA,AMPICILLIN,4/21/2022,67,BOTOL,17000
IN5984,CUST55714,BRG0005,CAB05,KLINIK SAHABAT,Tangerang,Klinik,203,SLCYL,TD,KLORPROMAZINA TABLET SALUT SELAPUT 100 MG,5/1/2022,8,TABLET,47000
IN5985,CUST55640,BRG0001,CAB06,APOTEK SINAR JAYA,Bekasi,Apotek,206,OGB & PH,TA,ACYCLOVIR DUS,4/18/2022,22,DUS,96000
IN5986,CUST55557,BRG0002,CAB06,APOTEK SINAR JAYA,Bekasi,Apotek,203,ETIKAL,TA,ALERGINE TABLET SALUT,2/15/2022,9,DUS,112000
IN5987,CUST55659,BRG0010,CAB03,KLINIK GM,Jakarta,Klinik,208,SLCYL,TA,PARACETAMOL,4/19/2022,14,BOTOL,21000
IN5988,CUST55551,BRG0002,CAB07,APOTEK SAHABAT,Padang,Apotek,203,ETIKAL,EPM,ALERGINE TABLET SALUT,2/9/2022,10,DUS,112000
IN5989,CUST55719,BRG0010,CAB03,KLINIK GM,Jakarta,Klinik,208,SLCYL,TA,PARACETAMOL,5/1/2022,67,BOTOL,21000
IN5990,CUST55706,BRG0001,CAB05,KLINIK SAHABAT,Tangerang,Klinik,206,OGB & PH,TD,ACYCLOVIR DUS,5/3/2022,10,DUS,96000
IN5991,CUST55414,BRG0005,CAB05,KLINIK SAHABAT,Tangerang,Klinik,203,SLCYL,TD,KLORPROMAZINA TABLET SALUT SELAPUT 100 MG,1/23/2022,24,TABLET,47000
IN5992,CUST55707,BRG0002,CAB06,APOTEK SINAR JAYA,Bekasi,Apotek,203,ETIKAL,TA,ALERGINE TABLET SALUT,6/16/2022,23,DUS,112000
IN5993,CUST55671,BRG0002,CAB07,APOTEK SAHABAT,Padang,Apotek,203,ETIKAL,EPM,ALERGINE TABLET SALUT,5/26/2022,1,DUS,112000
IN5994,CUST55411,BRG0002,CAB02,APOTEK MAJA,Kuningan,Apotek,203,ETIKAL,TA,ALERGINE TABLET SALUT,2/1/2022,12,DUS,112000
IN5995,CUST55607,BRG0008,CAB03,KLINIK GM,Jakarta,Klinik,204,MARCKS,TA,TETRACYCLINE KAPSUL 250 MG,4/6/2022,14,KAPSUL,9800
IN5996,CUST55656,BRG0007,CAB07,APOTEK SAHABAT,Padang,Apotek,206,ETIKAL,EPM,ERGOTAMINE COFFEINE,5/25/2022,22,BOTOL,64700
IN5997,CUST55380,BRG0001,CAB01,APOTEK TAPAK,Aceh,Apotek,206,OGB & PH,EPM,ACYCLOVIR DUS,1/20/2022,1,DUS,96000
IN5997,CUST55380,BRG0005,CAB01,APOTEK TAPAK,Aceh,Apotek,203,SLCYL,EPM,KLORPROMAZINA TABLET SALUT SELAPUT 100 MG,1/20/2022,40,TABLET,47000
IN5997,CUST55380,BRG0004,CAB01,APOTEK TAPAK,Aceh,Apotek,201,VNS,EPM,TRAMADOL KAPSUL 50 MG,1/20/2022,11,KAPSUL,24500
IN5997,CUST55380,BRG0003,CAB01,APOTEK TAPAK,Aceh,Apotek,210,MARCKS,EPM,AMPICILLIN,1/20/2022,6,BOTOL,17000
IN5997,CUST55380,BRG0002,CAB01,APOTEK TAPAK,Aceh,Apotek,203,ETIKAL,EPM,ALERGINE TABLET SALUT,1/20/2022,4,DUS,112000
IN5998,CUST55610,BRG0001,CAB06,APOTEK SINAR JAYA,Bekasi,Apotek,206,OGB & PH,TA,ACYCLOVIR DUS,4/9/2022,23,DUS,96000
IN5999,CUST55632,BRG0003,CAB06,APOTEK SINAR JAYA,Bekasi,Apotek,210,MARCKS,TA,AMPICILLIN,5/1/2022,5,BOTOL,17000
IN6000,CUST55717,BRG0008,CAB01,APOTEK TAPAK,Aceh,Apotek,204,MARCKS,EPM,TETRACYCLINE KAPSUL 250 MG,6/16/2022,7,KAPSUL,9800
IN6001,CUST55603,BRG0004,CAB07,APOTEK SAHABAT,Padang,Apotek,201,VNS,EPM,TRAMADOL KAPSUL 50 MG,4/2/2022,21,KAPSUL,24500
IN6002,CUST55546,BRG0007,CAB02,APOTEK MAJA,Kuningan,Apotek,206,ETIKAL,TA,ERGOTAMINE COFFEINE,2/4/2022,14,BOTOL,64700
IN6003,CUST55424,BRG0005,CAB08,KLINIK DR. ANDRI,Lampung,Klinik,203,SLCYL,TD,KLORPROMAZINA TABLET SALUT SELAPUT 100 MG,1/27/2022,9,TABLET,47000
IN6004,CUST55729,BRG0010,CAB05,KLINIK SAHABAT,Tangerang,Klinik,208,SLCYL,TD,PARACETAMOL,5/1/2022,5,BOTOL,21000
IN6005,CUST55447,BRG0008,CAB01,APOTEK TAPAK,Aceh,Apotek,204,MARCKS,EPM,TETRACYCLINE KAPSUL 250 MG,2/1/2022,12,KAPSUL,9800
IN6006,CUST55554,BRG0005,CAB03,KLINIK GM,Jakarta,Klinik,203,SLCYL,TA,KLORPROMAZINA TABLET SALUT SELAPUT 100 MG,2/12/2022,5,TABLET,47000
IN6007,CUST55715,BRG0006,CAB06,APOTEK SINAR JAYA,Bekasi,Apotek,205,OGB & PH,TA,KETOCONAZOLE TABLET 200 MG,5/2/2022,9,TABLET,39000
IN6008,CUST55469,BRG0004,CAB08,KLINIK DR. ANDRI,Lampung,Klinik,201,VNS,TD,TRAMADOL KAPSUL 50 MG,1/30/2022,12,KAPSUL,24500
IN6009,CUST55637,BRG0008,CAB03,KLINIK GM,Jakarta,Klinik,204,MARCKS,TA,TETRACYCLINE KAPSUL 250 MG,4/28/2022,76,KAPSUL,9800
IN6010,CUST55676,BRG0001,CAB05,KLINIK SAHABAT,Tangerang,Klinik,206,OGB & PH,TD,ACYCLOVIR DUS,5/31/2022,5,DUS,96000
IN6011,CUST55567,BRG0008,CAB01,APOTEK TAPAK,Aceh,Apotek,204,MARCKS,EPM,TETRACYCLINE KAPSUL 250 MG,2/25/2022,10,KAPSUL,9800
IN6012,CUST55712,BRG0003,CAB03,KLINIK GM,Jakarta,Klinik,210,MARCKS,TA,AMPICILLIN,6/16/2022,5,BOTOL,17000
IN6013,CUST55407,BRG0002,CAB06,APOTEK SINAR JAYA,Bekasi,Apotek,203,ETIKAL,TA,ALERGINE TABLET SALUT,1/28/2022,25,DUS,112000
IN6014,CUST55591,BRG0002,CAB02,APOTEK MAJA,Kuningan,Apotek,203,ETIKAL,TA,ALERGINE TABLET SALUT,3/21/2022,34,DUS,112000
IN6015,CUST55482,BRG0003,CAB06,APOTEK SINAR JAYA,Bekasi,Apotek,210,MARCKS,TA,AMPICILLIN,1/31/2022,5,BOTOL,17000
IN6016,CUST55579,BRG0010,CAB05,KLINIK SAHABAT,Tangerang,Klinik,208,SLCYL,TD,PARACETAMOL,3/9/2022,5,BOTOL,21000
IN6017,CUST55513,BRG0004,CAB07,APOTEK SAHABAT,Padang,Apotek,201,VNS,EPM,TRAMADOL KAPSUL 50 MG,2/1/2022,23,KAPSUL,24500
IN6018,CUST55602,BRG0003,CAB06,APOTEK SINAR JAYA,Bekasi,Apotek,210,MARCKS,TA,AMPICILLIN,4/1/2022,14,BOTOL,17000
IN6019,CUST55663,BRG0004,CAB07,APOTEK SAHABAT,Padang,Apotek,201,VNS,EPM,TRAMADOL KAPSUL 50 MG,4/20/2022,12,KAPSUL,24500
IN6020,CUST55581,BRG0002,CAB07,APOTEK SAHABAT,Padang,Apotek,203,ETIKAL,EPM,ALERGINE TABLET SALUT,3/11/2022,1,DUS,112000
IN6021,CUST55620,BRG0001,CAB01,APOTEK TAPAK,Aceh,Apotek,206,OGB & PH,EPM,ACYCLOVIR DUS,4/19/2022,7,DUS,96000
IN6022,CUST55654,BRG0005,CAB05,KLINIK SAHABAT,Tangerang,Klinik,203,SLCYL,TD,KLORPROMAZINA TABLET SALUT SELAPUT 100 MG,5/23/2022,9,TABLET,47000
IN6023,CUST55399,BRG0004,CAB05,KLINIK SAHABAT,Tangerang,Klinik,201,VNS,TD,TRAMADOL KAPSUL 50 MG,2/1/2022,10,KAPSUL,24500
IN6023,CUST55399,BRG0005,CAB05,KLINIK SAHABAT,Tangerang,Klinik,203,SLCYL,TD,KLORPROMAZINA TABLET SALUT SELAPUT 100 MG,2/1/2022,10,TABLET,47000
IN6023,CUST55399,BRG0006,CAB05,KLINIK SAHABAT,Tangerang,Klinik,205,OGB & PH,TD,KETOCONAZOLE TABLET 200 MG,2/1/2022,10,TABLET,39000
IN6023,CUST55399,BRG0007,CAB05,KLINIK SAHABAT,Tangerang,Klinik,206,ETIKAL,TD,ERGOTAMINE COFFEINE,2/1/2022,10,BOTOL,64700
IN6023,CUST55399,BRG0008,CAB05,KLINIK SAHABAT,Tangerang,Klinik,204,MARCKS,TD,TETRACYCLINE KAPSUL 250 MG,2/1/2022,10,KAPSUL,9800
IN6023,CUST55399,BRG0009,CAB05,KLINIK SAHABAT,Tangerang,Klinik,207,VNS,TD,AMBROXOL HC,2/1/2022,67,BOTOL,31000
IN6023,CUST55399,BRG0010,CAB05,KLINIK SAHABAT,Tangerang,Klinik,208,SLCYL,TD,PARACETAMOL,2/1/2022,15,BOTOL,21000
IN6024,CUST55394,BRG0007,CAB08,KLINIK DR. ANDRI,Lampung,Klinik,206,ETIKAL,TD,ERGOTAMINE COFFEINE,1/27/2022,8,BOTOL,64700
IN6024,CUST55394,BRG0008,CAB08,KLINIK DR. ANDRI,Lampung,Klinik,204,MARCKS,TD,TETRACYCLINE KAPSUL 250 MG,1/27/2022,12,KAPSUL,9800
IN6024,CUST55394,BRG0010,CAB08,KLINIK DR. ANDRI,Lampung,Klinik,208,SLCYL,TD,PARACETAMOL,1/27/2022,16,BOTOL,21000
IN6024,CUST55394,BRG0001,CAB08,KLINIK DR. ANDRI,Lampung,Klinik,206,OGB & PH,TD,ACYCLOVIR DUS,1/27/2022,4,DUS,96000
IN6024,CUST55394,BRG0005,CAB08,KLINIK DR. ANDRI,Lampung,Klinik,203,SLCYL,TD,KLORPROMAZINA TABLET SALUT SELAPUT 100 MG,1/27/2022,12,TABLET,47000
IN6024,CUST55394,BRG0004,CAB08,KLINIK DR. ANDRI,Lampung,Klinik,201,VNS,TD,TRAMADOL KAPSUL 50 MG,1/27/2022,12,KAPSUL,24500
IN6024,CUST55394,BRG0006,CAB08,KLINIK DR. ANDRI,Lampung,Klinik,205,OGB & PH,TD,KETOCONAZOLE TABLET 200 MG,1/27/2022,12,TABLET,39000
IN6025,CUST55523,BRG0004,CAB02,APOTEK MAJA,Kuningan,Apotek,201,VNS,TA,TRAMADOL KAPSUL 50 MG,1/30/2022,7,KAPSUL,24500
IN6026,CUST55558,BRG0003,CAB07,APOTEK SAHABAT,Padang,Apotek,210,MARCKS,EPM,AMPICILLIN,2/16/2022,21,BOTOL,17000
IN6027,CUST55612,BRG0003,CAB01,APOTEK TAPAK,Aceh,Apotek,210,MARCKS,EPM,AMPICILLIN,4/11/2022,10,BOTOL,17000
IN6028,CUST55420,BRG0006,CAB04,APOTEK MERDEKA,Bandung,Apotek,205,OGB & PH,TA,KETOCONAZOLE TABLET 200 MG,1/30/2022,10,TABLET,39000
IN6028,CUST55420,BRG0001,CAB04,APOTEK MERDEKA,Bandung,Apotek,206,OGB & PH,TA,ACYCLOVIR DUS,1/30/2022,98,DUS,96000
IN6028,CUST55420,BRG0002,CAB04,APOTEK MERDEKA,Bandung,Apotek,203,ETIKAL,TA,ALERGINE TABLET SALUT,1/30/2022,5,DUS,112000
IN6028,CUST55420,BRG0008,CAB04,APOTEK MERDEKA,Bandung,Apotek,204,MARCKS,TA,TETRACYCLINE KAPSUL 250 MG,1/30/2022,100,KAPSUL,9800
IN6028,CUST55420,BRG0003,CAB04,APOTEK MERDEKA,Bandung,Apotek,210,MARCKS,TA,AMPICILLIN,1/30/2022,4,BOTOL,17000
IN6028,CUST55420,BRG0009,CAB04,APOTEK MERDEKA,Bandung,Apotek,207,VNS,TA,AMBROXOL HC,1/30/2022,67,BOTOL,31000
IN6028,CUST55420,BRG0004,CAB04,APOTEK MERDEKA,Bandung,Apotek,201,VNS,TA,TRAMADOL KAPSUL 50 MG,1/30/2022,8,KAPSUL,24500
IN6028,CUST55420,BRG0010,CAB04,APOTEK MERDEKA,Bandung,Apotek,208,SLCYL,TA,PARACETAMOL,1/30/2022,78,BOTOL,21000
IN6028,CUST55420,BRG0001,CAB04,APOTEK MERDEKA,Bandung,Apotek,206,OGB & PH,TA,ACYCLOVIR DUS,1/23/2022,98,DUS,96000
IN6028,CUST55420,BRG0007,CAB04,APOTEK MERDEKA,Bandung,Apotek,206,ETIKAL,TA,ERGOTAMINE COFFEINE,1/30/2022,7,BOTOL,64700
IN6028,CUST55420,BRG0005,CAB04,APOTEK MERDEKA,Bandung,Apotek,203,SLCYL,TA,KLORPROMAZINA TABLET SALUT SELAPUT 100 MG,1/30/2022,9,TABLET,47000
IN6029,CUST55389,BRG0009,CAB03,KLINIK GM,Jakarta,Klinik,207,VNS,TA,AMBROXOL HC,1/28/2022,18,BOTOL,31000
IN6029,CUST55389,BRG0010,CAB03,KLINIK GM,Jakarta,Klinik,208,SLCYL,TA,PARACETAMOL,1/28/2022,4,BOTOL,21000
IN6029,CUST55389,BRG0007,CAB03,KLINIK GM,Jakarta,Klinik,206,ETIKAL,TA,ERGOTAMINE COFFEINE,1/28/2022,14,BOTOL,64700
IN6029,CUST55389,BRG0001,CAB03,KLINIK GM,Jakarta,Klinik,206,OGB & PH,TA,ACYCLOVIR DUS,1/28/2022,1,DUS,96000
IN6029,CUST55389,BRG0006,CAB03,KLINIK GM,Jakarta,Klinik,205,OGB & PH,TA,KETOCONAZOLE TABLET 200 MG,1/28/2022,7,TABLET,39000
IN6029,CUST55389,BRG0003,CAB03,KLINIK GM,Jakarta,Klinik,210,MARCKS,TA,AMPICILLIN,1/28/2022,5,BOTOL,17000
IN6029,CUST55389,BRG0010,CAB03,KLINIK GM,Jakarta,Klinik,208,SLCYL,TA,PARACETAMOL,1/28/2022,20,BOTOL,21000
IN6029,CUST55389,BRG0005,CAB03,KLINIK GM,Jakarta,Klinik,203,SLCYL,TA,KLORPROMAZINA TABLET SALUT SELAPUT 100 MG,1/28/2022,7,TABLET,47000
IN6029,CUST55389,BRG0004,CAB03,KLINIK GM,Jakarta,Klinik,201,VNS,TA,TRAMADOL KAPSUL 50 MG,1/28/2022,7,KAPSUL,24500
IN6029,CUST55389,BRG0008,CAB03,KLINIK GM,Jakarta,Klinik,204,MARCKS,TA,TETRACYCLINE KAPSUL 250 MG,1/28/2022,8,KAPSUL,9800
IN6030,CUST55709,BRG0004,CAB08,KLINIK DR. ANDRI,Lampung,Klinik,201,VNS,TD,TRAMADOL KAPSUL 50 MG,5/1/2022,10,KAPSUL,24500
IN6031,CUST55616,BRG0001,CAB05,KLINIK SAHABAT,Tangerang,Klinik,206,OGB & PH,TD,ACYCLOVIR DUS,4/15/2022,4,DUS,96000
IN6032,CUST55679,BRG0004,CAB08,KLINIK DR. ANDRI,Lampung,Klinik,201,VNS,TD,TRAMADOL KAPSUL 50 MG,6/3/2022,23,KAPSUL,24500
IN6033,CUST55688,BRG0009,CAB02,APOTEK MAJA,Kuningan,Apotek,207,VNS,TA,AMBROXOL HC,6/12/2022,34,BOTOL,31000
IN6034,CUST55562,BRG0003,CAB03,KLINIK GM,Jakarta,Klinik,210,MARCKS,TA,AMPICILLIN,2/20/2022,14,BOTOL,17000
IN6035,CUST55626,BRG0007,CAB07,APOTEK SAHABAT,Padang,Apotek,206,ETIKAL,EPM,ERGOTAMINE COFFEINE,4/25/2022,20,BOTOL,64700
IN6036,CUST55388,BRG0009,CAB02,APOTEK MAJA,Kuningan,Apotek,207,VNS,TA,AMBROXOL HC,1/27/2022,22,BOTOL,31000
IN6036,CUST55388,BRG0003,CAB02,APOTEK MAJA,Kuningan,Apotek,210,MARCKS,TA,AMPICILLIN,1/27/2022,15,BOTOL,17000
IN6036,CUST55388,BRG0010,CAB02,APOTEK MAJA,Kuningan,Apotek,208,SLCYL,TA,PARACETAMOL,1/27/2022,10,BOTOL,21000
IN6036,CUST55388,BRG0004,CAB02,APOTEK MAJA,Kuningan,Apotek,201,VNS,TA,TRAMADOL KAPSUL 50 MG,1/27/2022,12,KAPSUL,24500
IN6036,CUST55388,BRG0009,CAB02,APOTEK MAJA,Kuningan,Apotek,207,VNS,TA,AMBROXOL HC,1/27/2022,23,BOTOL,31000
IN6037,CUST55721,BRG0002,CAB05,KLINIK SAHABAT,Tangerang,Klinik,203,ETIKAL,TD,ALERGINE TABLET SALUT,5/3/2022,45,DUS,112000
IN6038,CUST55517,BRG0008,CAB03,KLINIK GM,Jakarta,Klinik,204,MARCKS,TA,TETRACYCLINE KAPSUL 250 MG,1/30/2022,98,KAPSUL,9800
IN6039,CUST55480,BRG0001,CAB04,APOTEK MERDEKA,Bandung,Apotek,206,OGB & PH,TA,ACYCLOVIR DUS,1/23/2022,13,DUS,96000
IN6040,CUST55470,BRG0001,CAB01,APOTEK TAPAK,Aceh,Apotek,206,OGB & PH,EPM,ACYCLOVIR DUS,1/31/2022,10,DUS,96000
IN6041,CUST55570,BRG0001,CAB04,APOTEK MERDEKA,Bandung,Apotek,206,OGB & PH,TA,ACYCLOVIR DUS,2/28/2022,5,DUS,96000
IN6042,CUST55428,BRG0009,CAB04,APOTEK MERDEKA,Bandung,Apotek,207,VNS,TA,AMBROXOL HC,1/31/2022,67,BOTOL,31000
IN6043,CUST55580,BRG0001,CAB06,APOTEK SINAR JAYA,Bekasi,Apotek,206,OGB & PH,TA,ACYCLOVIR DUS,3/10/2022,9,DUS,96000
IN6044,CUST55694,BRG0005,CAB08,KLINIK DR. ANDRI,Lampung,Klinik,203,SLCYL,TD,KLORPROMAZINA TABLET SALUT SELAPUT 100 MG,5/1/2022,18,TABLET,47000
IN6045,CUST55506,BRG0007,CAB07,APOTEK SAHABAT,Padang,Apotek,206,ETIKAL,EPM,ERGOTAMINE COFFEINE,1/31/2022,21,BOTOL,64700
IN6046,CUST55691,BRG0002,CAB05,KLINIK SAHABAT,Tangerang,Klinik,203,ETIKAL,TD,ALERGINE TABLET SALUT,6/15/2022,12,DUS,112000
IN6047,CUST55635,BRG0006,CAB01,APOTEK TAPAK,Aceh,Apotek,205,OGB & PH,EPM,KETOCONAZOLE TABLET 200 MG,4/26/2022,12,TABLET,39000
IN6048,CUST55464,BRG0005,CAB03,KLINIK GM,Jakarta,Klinik,203,SLCYL,TA,KLORPROMAZINA TABLET SALUT SELAPUT 100 MG,1/31/2022,25,TABLET,47000
IN6049,CUST55479,BRG0010,CAB03,KLINIK GM,Jakarta,Klinik,208,SLCYL,TA,PARACETAMOL,1/28/2022,9,BOTOL,21000
IN6050,CUST55434,BRG0005,CAB03,KLINIK GM,Jakarta,Klinik,203,SLCYL,TA,KLORPROMAZINA TABLET SALUT SELAPUT 100 MG,1/31/2022,34,TABLET,47000
IN6051,CUST55593,BRG0004,CAB04,APOTEK MERDEKA,Bandung,Apotek,201,VNS,TA,TRAMADOL KAPSUL 50 MG,3/23/2022,15,KAPSUL,24500
IN6052,CUST55385,BRG0010,CAB06,APOTEK SINAR JAYA,Bekasi,Apotek,208,SLCYL,TA,PARACETAMOL,1/23/2022,5,BOTOL,21000
IN6052,CUST55385,BRG0006,CAB06,APOTEK SINAR JAYA,Bekasi,Apotek,205,OGB & PH,TA,KETOCONAZOLE TABLET 200 MG,1/23/2022,5,TABLET,39000
IN6052,CUST55385,BRG0009,CAB06,APOTEK SINAR JAYA,Bekasi,Apotek,207,VNS,TA,AMBROXOL HC,1/23/2022,5,BOTOL,31000
IN6053,CUST55437,BRG0002,CAB06,APOTEK SINAR JAYA,Bekasi,Apotek,203,ETIKAL,TA,ALERGINE TABLET SALUT,1/28/2022,44,DUS,112000
IN6054,CUST55435,BRG0006,CAB04,APOTEK MERDEKA,Bandung,Apotek,205,OGB & PH,TA,KETOCONAZOLE TABLET 200 MG,2/1/2022,34,TABLET,39000
IN6055,CUST55583,BRG0004,CAB02,APOTEK MAJA,Kuningan,Apotek,201,VNS,TA,TRAMADOL KAPSUL 50 MG,3/13/2022,4,KAPSUL,24500
IN6056,CUST55621,BRG0002,CAB02,APOTEK MAJA,Kuningan,Apotek,203,ETIKAL,TA,ALERGINE TABLET SALUT,4/20/2022,100,DUS,112000
IN6057,CUST55648,BRG0003,CAB07,APOTEK SAHABAT,Padang,Apotek,210,MARCKS,EPM,AMPICILLIN,5/17/2022,10,BOTOL,17000
IN6058,CUST55532,BRG0003,CAB03,KLINIK GM,Jakarta,Klinik,210,MARCKS,TA,AMPICILLIN,1/27/2022,34,BOTOL,17000
IN6059,CUST55683,BRG0004,CAB04,APOTEK MERDEKA,Bandung,Apotek,201,VNS,TA,TRAMADOL KAPSUL 50 MG,6/7/2022,11,KAPSUL,24500
IN6060,CUST55543,BRG0004,CAB07,APOTEK SAHABAT,Padang,Apotek,201,VNS,EPM,TRAMADOL KAPSUL 50 MG,2/1/2022,22,KAPSUL,24500
IN6061,CUST55566,BRG0007,CAB07,APOTEK SAHABAT,Padang,Apotek,206,ETIKAL,EPM,ERGOTAMINE COFFEINE,2/24/2022,12,BOTOL,64700
IN6062,CUST55490,BRG0001,CAB06,APOTEK SINAR JAYA,Bekasi,Apotek,206,OGB & PH,TA,ACYCLOVIR DUS,1/27/2022,12,DUS,96000
IN6063,CUST55417,BRG0010,CAB01,APOTEK TAPAK,Aceh,Apotek,208,SLCYL,EPM,PARACETAMOL,2/1/2022,67,BOTOL,21000
IN6063,CUST55417,BRG0009,CAB01,APOTEK TAPAK,Aceh,Apotek,207,VNS,EPM,AMBROXOL HC,2/1/2022,10,BOTOL,31000
IN6063,CUST55417,BRG0007,CAB01,APOTEK TAPAK,Aceh,Apotek,206,ETIKAL,EPM,ERGOTAMINE COFFEINE,2/1/2022,23,BOTOL,64700
IN6063,CUST55417,BRG0006,CAB01,APOTEK TAPAK,Aceh,Apotek,205,OGB & PH,EPM,KETOCONAZOLE TABLET 200 MG,2/1/2022,10,TABLET,39000
IN6063,CUST55417,BRG0008,CAB01,APOTEK TAPAK,Aceh,Apotek,204,MARCKS,EPM,TETRACYCLINE KAPSUL 250 MG,2/1/2022,12,KAPSUL,9800
IN6063,CUST55417,BRG0005,CAB01,APOTEK TAPAK,Aceh,Apotek,203,SLCYL,EPM,KLORPROMAZINA TABLET SALUT SELAPUT 100 MG,2/1/2022,24,TABLET,47000
IN6063,CUST55417,BRG0004,CAB01,APOTEK TAPAK,Aceh,Apotek,201,VNS,EPM,TRAMADOL KAPSUL 50 MG,2/1/2022,21,KAPSUL,24500
IN6063,CUST55417,BRG0003,CAB01,APOTEK TAPAK,Aceh,Apotek,210,MARCKS,EPM,AMPICILLIN,2/1/2022,14,BOTOL,17000
IN6063,CUST55417,BRG0002,CAB01,APOTEK TAPAK,Aceh,Apotek,203,ETIKAL,EPM,ALERGINE TABLET SALUT,2/1/2022,25,DUS,112000
IN6063,CUST55417,BRG0001,CAB01,APOTEK TAPAK,Aceh,Apotek,206,OGB & PH,EPM,ACYCLOVIR DUS,2/1/2022,12,DUS,96000
IN6064,CUST55380,BRG0005,CAB01,APOTEK TAPAK,Aceh,Apotek,203,SLCYL,EPM,KLORPROMAZINA TABLET SALUT SELAPUT 100 MG,2/2/2022,24,TABLET,47000
IN6064,CUST55515,BRG0006,CAB01,APOTEK TAPAK,Aceh,Apotek,205,OGB & PH,EPM,KETOCONAZOLE TABLET 200 MG,1/28/2022,10,TABLET,39000
IN6064,CUST55380,BRG0004,CAB01,APOTEK TAPAK,Aceh,Apotek,201,VNS,EPM,TRAMADOL KAPSUL 50 MG,2/2/2022,24,KAPSUL,24500
IN6065,CUST55474,BRG0005,CAB05,KLINIK SAHABAT,Tangerang,Klinik,203,SLCYL,TD,KLORPROMAZINA TABLET SALUT SELAPUT 100 MG,1/23/2022,4,TABLET,47000
IN6066,CUST55538,BRG0009,CAB02,APOTEK MAJA,Kuningan,Apotek,207,VNS,TA,AMBROXOL HC,1/27/2022,12,BOTOL,31000
IN6067,CUST55704,BRG0005,CAB03,KLINIK GM,Jakarta,Klinik,203,SLCYL,TA,KLORPROMAZINA TABLET SALUT SELAPUT 100 MG,5/1/2022,14,TABLET,47000
IN6068,CUST55536,BRG0007,CAB07,APOTEK SAHABAT,Padang,Apotek,206,ETIKAL,EPM,ERGOTAMINE COFFEINE,1/31/2022,6,BOTOL,64700
IN6069,CUST55571,BRG0002,CAB05,KLINIK SAHABAT,Tangerang,Klinik,203,ETIKAL,TD,ALERGINE TABLET SALUT,3/1/2022,4,DUS,112000
IN6070,CUST55485,BRG0006,CAB01,APOTEK TAPAK,Aceh,Apotek,205,OGB & PH,EPM,KETOCONAZOLE TABLET 200 MG,1/28/2022,23,TABLET,39000
IN6071,CUST55636,BRG0007,CAB02,APOTEK MAJA,Kuningan,Apotek,206,ETIKAL,TA,ERGOTAMINE COFFEINE,4/27/2022,95,BOTOL,64700
IN6072,CUST55477,BRG0008,CAB01,APOTEK TAPAK,Aceh,Apotek,204,MARCKS,EPM,TETRACYCLINE KAPSUL 250 MG,2/1/2022,1,KAPSUL,9800
IN6073,CUST55628,BRG0009,CAB02,APOTEK MAJA,Kuningan,Apotek,207,VNS,TA,AMBROXOL HC,4/27/2022,34,BOTOL,31000
IN6074,CUST55472,BRG0003,CAB03,KLINIK GM,Jakarta,Klinik,210,MARCKS,TA,AMPICILLIN,1/27/2022,98,BOTOL,17000
IN6075,CUST55638,BRG0009,CAB04,APOTEK MERDEKA,Bandung,Apotek,207,VNS,TA,AMBROXOL HC,4/16/2022,48,BOTOL,31000
IN6076,CUST55594,BRG0005,CAB05,KLINIK SAHABAT,Tangerang,Klinik,203,SLCYL,TD,KLORPROMAZINA TABLET SALUT SELAPUT 100 MG,3/24/2022,12,TABLET,47000
IN6077,CUST55647,BRG0002,CAB06,APOTEK SINAR JAYA,Bekasi,Apotek,203,ETIKAL,TA,ALERGINE TABLET SALUT,5/16/2022,12,DUS,112000
IN6078,CUST55600,BRG0001,CAB04,APOTEK MERDEKA,Bandung,Apotek,206,OGB & PH,TA,ACYCLOVIR DUS,3/30/2022,12,DUS,96000
IN6079,CUST55494,BRG0005,CAB03,KLINIK GM,Jakarta,Klinik,203,SLCYL,TA,KLORPROMAZINA TABLET SALUT SELAPUT 100 MG,1/31/2022,34,TABLET,47000
IN6080,CUST55596,BRG0007,CAB07,APOTEK SAHABAT,Padang,Apotek,206,ETIKAL,EPM,ERGOTAMINE COFFEINE,3/26/2022,14,BOTOL,64700
IN6081,CUST55589,BRG0004,CAB08,KLINIK DR. ANDRI,Lampung,Klinik,201,VNS,TD,TRAMADOL KAPSUL 50 MG,3/19/2022,25,KAPSUL,24500
IN6082,CUST55617,BRG0002,CAB06,APOTEK SINAR JAYA,Bekasi,Apotek,203,ETIKAL,TA,ALERGINE TABLET SALUT,4/16/2022,8,DUS,112000
IN6083,CUST55487,BRG0008,CAB03,KLINIK GM,Jakarta,Klinik,204,MARCKS,TA,TETRACYCLINE KAPSUL 250 MG,1/30/2022,2,KAPSUL,9800
IN6084,CUST55471,BRG0002,CAB02,APOTEK MAJA,Kuningan,Apotek,203,ETIKAL,TA,ALERGINE TABLET SALUT,2/1/2022,67,DUS,112000
IN6085,CUST55601,BRG0002,CAB05,KLINIK SAHABAT,Tangerang,Klinik,203,ETIKAL,TD,ALERGINE TABLET SALUT,3/31/2022,25,DUS,112000
IN6086,CUST55408,BRG0003,CAB07,APOTEK SAHABAT,Padang,Apotek,210,MARCKS,EPM,AMPICILLIN,1/23/2022,14,BOTOL,17000
IN6087,CUST55560,BRG0001,CAB01,APOTEK TAPAK,Aceh,Apotek,206,OGB & PH,EPM,ACYCLOVIR DUS,2/18/2022,12,DUS,96000
IN6088,CUST55548,BRG0009,CAB04,APOTEK MERDEKA,Bandung,Apotek,207,VNS,TA,AMBROXOL HC,2/6/2022,10,BOTOL,31000
IN6089,CUST55386,BRG0007,CAB07,APOTEK SAHABAT,Padang,Apotek,206,ETIKAL,EPM,ERGOTAMINE COFFEINE,1/25/2022,9,BOTOL,64700
IN6090,CUST55655,BRG0006,CAB06,APOTEK SINAR JAYA,Bekasi,Apotek,205,OGB & PH,TA,KETOCONAZOLE TABLET 200 MG,5/24/2022,21,TABLET,39000
IN6091,CUST55687,BRG0008,CAB01,APOTEK TAPAK,Aceh,Apotek,204,MARCKS,EPM,TETRACYCLINE KAPSUL 250 MG,6/11/2022,14,KAPSUL,9800
IN6092,CUST55584,BRG0005,CAB03,KLINIK GM,Jakarta,Klinik,203,SLCYL,TA,KLORPROMAZINA TABLET SALUT SELAPUT 100 MG,3/14/2022,2,TABLET,47000
IN6093,CUST55674,BRG0005,CAB03,KLINIK GM,Jakarta,Klinik,203,SLCYL,TA,KLORPROMAZINA TABLET SALUT SELAPUT 100 MG,5/29/2022,13,TABLET,47000
IN6094,CUST55710,BRG0001,CAB01,APOTEK TAPAK,Aceh,Apotek,206,OGB & PH,EPM,ACYCLOVIR DUS,5/2/2022,67,DUS,96000
IN6095,CUST55478,BRG0009,CAB02,APOTEK MAJA,Kuningan,Apotek,207,VNS,TA,AMBROXOL HC,1/27/2022,5,BOTOL,31000
IN6096,CUST55561,BRG0002,CAB02,APOTEK MAJA,Kuningan,Apotek,203,ETIKAL,TA,ALERGINE TABLET SALUT,2/19/2022,25,DUS,112000
IN6097,CUST55718,BRG0009,CAB02,APOTEK MAJA,Kuningan,Apotek,207,VNS,TA,AMBROXOL HC,4/30/2022,100,BOTOL,31000
IN6098,CUST55599,BRG0010,CAB03,KLINIK GM,Jakarta,Klinik,208,SLCYL,TA,PARACETAMOL,3/29/2022,19,BOTOL,21000
IN6099,CUST55457,BRG0008,CAB03,KLINIK GM,Jakarta,Klinik,204,MARCKS,TA,TETRACYCLINE KAPSUL 250 MG,1/30/2022,5,KAPSUL,9800
IN6100,CUST55677,BRG0002,CAB06,APOTEK SINAR JAYA,Bekasi,Apotek,203,ETIKAL,TA,ALERGINE TABLET SALUT,6/1/2022,9,DUS,112000
IN6101,CUST55723,BRG0004,CAB07,APOTEK SAHABAT,Padang,Apotek,201,VNS,EPM,TRAMADOL KAPSUL 50 MG,4/30/2022,20,KAPSUL,24500
IN6102,CUST55392,BRG0003,CAB06,APOTEK SINAR JAYA,Bekasi,Apotek,210,MARCKS,TA,AMPICILLIN,1/31/2022,11,BOTOL,17000
IN6102,CUST55392,BRG0007,CAB06,APOTEK SINAR JAYA,Bekasi,Apotek,206,ETIKAL,TA,ERGOTAMINE COFFEINE,1/31/2022,24,BOTOL,64700
IN6103,CUST55496,BRG0001,CAB05,KLINIK SAHABAT,Tangerang,Klinik,206,OGB & PH,TD,ACYCLOVIR DUS,1/27/2022,15,DUS,96000
IN6104,CUST55433,BRG0004,CAB02,APOTEK MAJA,Kuningan,Apotek,201,VNS,TA,TRAMADOL KAPSUL 50 MG,1/30/2022,45,KAPSUL,24500
IN6105,CUST55700,BRG0001,CAB06,APOTEK SINAR JAYA,Bekasi,Apotek,206,OGB & PH,TA,ACYCLOVIR DUS,5/2/2022,21,DUS,96000
IN6106,CUST55713,BRG0004,CAB04,APOTEK MERDEKA,Bandung,Apotek,201,VNS,TA,TRAMADOL KAPSUL 50 MG,4/30/2022,4,KAPSUL,24500
IN6107,CUST55511,BRG0002,CAB05,KLINIK SAHABAT,Tangerang,Klinik,203,ETIKAL,TD,ALERGINE TABLET SALUT,1/30/2022,24,DUS,112000
IN6108,CUST55409,BRG0004,CAB08,KLINIK DR. ANDRI,Lampung,Klinik,201,VNS,TD,TRAMADOL KAPSUL 50 MG,1/30/2022,21,KAPSUL,24500
IN6109,CUST55702,BRG0003,CAB01,APOTEK TAPAK,Aceh,Apotek,210,MARCKS,EPM,AMPICILLIN,6/16/2022,12,BOTOL,17000
IN6110,CUST55576,BRG0007,CAB02,APOTEK MAJA,Kuningan,Apotek,206,ETIKAL,TA,ERGOTAMINE COFFEINE,3/6/2022,9,BOTOL,64700
IN6111,CUST55657,BRG0008,CAB01,APOTEK TAPAK,Aceh,Apotek,204,MARCKS,EPM,TETRACYCLINE KAPSUL 250 MG,5/26/2022,12,KAPSUL,9800
IN6112,CUST55726,BRG0007,CAB02,APOTEK MAJA,Kuningan,Apotek,206,ETIKAL,TA,ERGOTAMINE COFFEINE,5/3/2022,34,BOTOL,64700
IN6113,CUST55382,BRG0002,CAB03,KLINIK GM,Jakarta,Klinik,203,ETIKAL,TA,ALERGINE TABLET SALUT,2/1/2022,2,DUS,112000
IN6113,CUST55382,BRG0001,CAB03,KLINIK GM,Jakarta,Klinik,206,OGB & PH,TA,ACYCLOVIR DUS,2/1/2022,2,DUS,96000
IN6113,CUST55382,BRG0004,CAB03,KLINIK GM,Jakarta,Klinik,201,VNS,TA,TRAMADOL KAPSUL 50 MG,2/1/2022,12,KAPSUL,24500
IN6113,CUST55382,BRG0005,CAB03,KLINIK GM,Jakarta,Klinik,203,SLCYL,TA,KLORPROMAZINA TABLET SALUT SELAPUT 100 MG,2/1/2022,12,TABLET,47000
IN6113,CUST55400,BRG0001,CAB06,APOTEK SINAR JAYA,Bekasi,Apotek,206,OGB & PH,TA,ACYCLOVIR DUS,1/27/2022,12,DUS,96000
IN6114,CUST55569,BRG0010,CAB03,KLINIK GM,Jakarta,Klinik,208,SLCYL,TA,PARACETAMOL,2/27/2022,98,BOTOL,21000
IN6115,CUST55716,BRG0007,CAB07,APOTEK SAHABAT,Padang,Apotek,206,ETIKAL,EPM,ERGOTAMINE COFFEINE,5/3/2022,10,BOTOL,64700
IN6116,CUST55455,BRG0006,CAB01,APOTEK TAPAK,Aceh,Apotek,205,OGB & PH,EPM,KETOCONAZOLE TABLET 200 MG,1/28/2022,67,TABLET,39000
IN6117,CUST55667,BRG0008,CAB03,KLINIK GM,Jakarta,Klinik,204,MARCKS,TA,TETRACYCLINE KAPSUL 250 MG,5/22/2022,5,KAPSUL,9800
IN6118,CUST55502,BRG0003,CAB03,KLINIK GM,Jakarta,Klinik,210,MARCKS,TA,AMPICILLIN,1/27/2022,19,BOTOL,17000
IN6119,CUST55449,BRG0010,CAB03,KLINIK GM,Jakarta,Klinik,208,SLCYL,TA,PARACETAMOL,1/28/2022,14,BOTOL,21000
IN6120,CUST55465,BRG0006,CAB04,APOTEK MERDEKA,Bandung,Apotek,205,OGB & PH,TA,KETOCONAZOLE TABLET 200 MG,2/1/2022,14,TABLET,39000
IN6121,CUST55666,BRG0007,CAB02,APOTEK MAJA,Kuningan,Apotek,206,ETIKAL,TA,ERGOTAMINE COFFEINE,5/21/2022,98,BOTOL,64700
IN6122,CUST55445,BRG0006,CAB06,APOTEK SINAR JAYA,Bekasi,Apotek,205,OGB & PH,TA,KETOCONAZOLE TABLET 200 MG,1/30/2022,21,TABLET,39000
IN6123,CUST55697,BRG0008,CAB03,KLINIK GM,Jakarta,Klinik,204,MARCKS,TA,TETRACYCLINE KAPSUL 250 MG,6/16/2022,12,KAPSUL,9800
IN6124,CUST55442,BRG0003,CAB03,KLINIK GM,Jakarta,Klinik,210,MARCKS,TA,AMPICILLIN,1/27/2022,95,BOTOL,17000
IN6125,CUST55402,BRG0003,CAB01,APOTEK TAPAK,Aceh,Apotek,210,MARCKS,EPM,AMPICILLIN,1/23/2022,14,BOTOL,17000
IN6126,CUST55624,BRG0005,CAB05,KLINIK SAHABAT,Tangerang,Klinik,203,SLCYL,TD,KLORPROMAZINA TABLET SALUT SELAPUT 100 MG,4/23/2022,45,TABLET,47000
IN6127,CUST55625,BRG0006,CAB06,APOTEK SINAR JAYA,Bekasi,Apotek,205,OGB & PH,TA,KETOCONAZOLE TABLET 200 MG,4/24/2022,34,TABLET,39000
IN6128,CUST55537,BRG0008,CAB01,APOTEK TAPAK,Aceh,Apotek,204,MARCKS,EPM,TETRACYCLINE KAPSUL 250 MG,2/1/2022,79,KAPSUL,9800
IN6129,CUST55556,BRG0001,CAB05,KLINIK SAHABAT,Tangerang,Klinik,206,OGB & PH,TD,ACYCLOVIR DUS,2/14/2022,8,DUS,96000
IN6130,CUST55518,BRG0009,CAB04,APOTEK MERDEKA,Bandung,Apotek,207,VNS,TA,AMBROXOL HC,1/31/2022,5,BOTOL,31000
IN6131,CUST55418,BRG0010,CAB02,APOTEK MAJA,Kuningan,Apotek,208,SLCYL,TA,PARACETAMOL,1/28/2022,27,BOTOL,21000
IN6131,CUST55418,BRG0009,CAB02,APOTEK MAJA,Kuningan,Apotek,207,VNS,TA,AMBROXOL HC,1/28/2022,10,BOTOL,31000
IN6131,CUST55418,BRG0009,CAB02,APOTEK MAJA,Kuningan,Apotek,207,VNS,TA,AMBROXOL HC,1/27/2022,10,BOTOL,31000
IN6132,CUST55708,BRG0003,CAB07,APOTEK SAHABAT,Padang,Apotek,210,MARCKS,EPM,AMPICILLIN,4/30/2022,12,BOTOL,17000
IN6133,CUST55429,BRG0010,CAB05,KLINIK SAHABAT,Tangerang,Klinik,208,SLCYL,TD,PARACETAMOL,2/1/2022,78,BOTOL,21000
IN6134,CUST55441,BRG0002,CAB02,APOTEK MAJA,Kuningan,Apotek,203,ETIKAL,TA,ALERGINE TABLET SALUT,2/1/2022,12,DUS,112000
IN6135,CUST55550,BRG0001,CAB06,APOTEK SINAR JAYA,Bekasi,Apotek,206,OGB & PH,TA,ACYCLOVIR DUS,2/8/2022,12,DUS,96000
IN6136,CUST55526,BRG0001,CAB05,KLINIK SAHABAT,Tangerang,Klinik,206,OGB & PH,TD,ACYCLOVIR DUS,1/27/2022,78,DUS,96000
IN6137,CUST55573,BRG0004,CAB07,APOTEK SAHABAT,Padang,Apotek,201,VNS,EPM,TRAMADOL KAPSUL 50 MG,3/3/2022,9,KAPSUL,24500
IN6138,CUST55661,BRG0002,CAB05,KLINIK SAHABAT,Tangerang,Klinik,203,ETIKAL,TD,ALERGINE TABLET SALUT,4/18/2022,10,DUS,112000
IN6139,CUST55623,BRG0004,CAB04,APOTEK MERDEKA,Bandung,Apotek,201,VNS,TA,TRAMADOL KAPSUL 50 MG,4/22/2022,78,KAPSUL,24500
IN6140,CUST55595,BRG0006,CAB06,APOTEK SINAR JAYA,Bekasi,Apotek,205,OGB & PH,TA,KETOCONAZOLE TABLET 200 MG,3/25/2022,25,TABLET,39000
IN6141,CUST55401,BRG0002,CAB07,APOTEK SAHABAT,Padang,Apotek,203,ETIKAL,EPM,ALERGINE TABLET SALUT,1/28/2022,25,DUS,112000
IN6142,CUST55724,BRG0005,CAB08,KLINIK DR. ANDRI,Lampung,Klinik,203,SLCYL,TD,KLORPROMAZINA TABLET SALUT SELAPUT 100 MG,5/1/2022,45,TABLET,47000
IN6143,CUST55705,BRG0006,CAB04,APOTEK MERDEKA,Bandung,Apotek,205,OGB & PH,TA,KETOCONAZOLE TABLET 200 MG,5/2/2022,24,TABLET,39000
IN6144,CUST55383,BRG0004,CAB04,APOTEK MERDEKA,Bandung,Apotek,201,VNS,TA,TRAMADOL KAPSUL 50 MG,1/22/2022,13,KAPSUL,24500
IN6144,CUST55383,BRG0010,CAB04,APOTEK MERDEKA,Bandung,Apotek,208,SLCYL,TA,PARACETAMOL,1/22/2022,13,BOTOL,21000
IN6144,CUST55383,BRG0009,CAB04,APOTEK MERDEKA,Bandung,Apotek,207,VNS,TA,AMBROXOL HC,1/22/2022,13,BOTOL,31000
IN6144,CUST55383,BRG0007,CAB04,APOTEK MERDEKA,Bandung,Apotek,206,ETIKAL,TA,ERGOTAMINE COFFEINE,1/22/2022,13,BOTOL,64700
IN6144,CUST55383,BRG0008,CAB04,APOTEK MERDEKA,Bandung,Apotek,204,MARCKS,TA,TETRACYCLINE KAPSUL 250 MG,1/22/2022,13,KAPSUL,9800
IN6145,CUST55642,BRG0003,CAB01,APOTEK TAPAK,Aceh,Apotek,210,MARCKS,EPM,AMPICILLIN,4/20/2022,25,BOTOL,17000
IN6146,CUST55412,BRG0003,CAB03,KLINIK GM,Jakarta,Klinik,210,MARCKS,TA,AMPICILLIN,1/27/2022,25,BOTOL,17000
IN6147,CUST55555,BRG0006,CAB04,APOTEK MERDEKA,Bandung,Apotek,205,OGB & PH,TA,KETOCONAZOLE TABLET 200 MG,2/13/2022,4,TABLET,39000
IN6148,CUST55476,BRG0007,CAB07,APOTEK SAHABAT,Padang,Apotek,206,ETIKAL,EPM,ERGOTAMINE COFFEINE,1/31/2022,9,BOTOL,64700
IN6149,CUST55590,BRG0001,CAB01,APOTEK TAPAK,Aceh,Apotek,206,OGB & PH,EPM,ACYCLOVIR DUS,3/20/2022,14,DUS,96000
IN6150,CUST55651,BRG0002,CAB02,APOTEK MAJA,Kuningan,Apotek,203,ETIKAL,TA,ALERGINE TABLET SALUT,5/20/2022,5,DUS,112000
IN6151,CUST55720,BRG0001,CAB04,APOTEK MERDEKA,Bandung,Apotek,206,OGB & PH,TA,ACYCLOVIR DUS,5/2/2022,78,DUS,96000
IN6152,CUST55512,BRG0003,CAB06,APOTEK SINAR JAYA,Bekasi,Apotek,210,MARCKS,TA,AMPICILLIN,1/31/2022,10,BOTOL,17000
IN6153,CUST55597,BRG0008,CAB01,APOTEK TAPAK,Aceh,Apotek,204,MARCKS,EPM,TETRACYCLINE KAPSUL 250 MG,3/27/2022,18,KAPSUL,9800
IN6154,CUST55641,BRG0002,CAB07,APOTEK SAHABAT,Padang,Apotek,203,ETIKAL,EPM,ALERGINE TABLET SALUT,4/19/2022,12,DUS,112000
IN6155,CUST55382,BRG0006,CAB03,KLINIK GM,Jakarta,Klinik,205,OGB & PH,TA,KETOCONAZOLE TABLET 200 MG,1/21/2022,22,TABLET,39000
IN6155,CUST55382,BRG0003,CAB03,KLINIK GM,Jakarta,Klinik,210,MARCKS,TA,AMPICILLIN,1/21/2022,9,BOTOL,17000
IN6155,CUST55382,BRG0009,CAB03,KLINIK GM,Jakarta,Klinik,207,VNS,TA,AMBROXOL HC,1/21/2022,25,BOTOL,31000
IN6155,CUST55382,BRG0010,CAB03,KLINIK GM,Jakarta,Klinik,208,SLCYL,TA,PARACETAMOL,1/21/2022,12,BOTOL,21000
IN6155,CUST55382,BRG0005,CAB03,KLINIK GM,Jakarta,Klinik,203,SLCYL,TA,KLORPROMAZINA TABLET SALUT SELAPUT 100 MG,1/21/2022,12,TABLET,47000
IN6155,CUST55382,BRG0008,CAB03,KLINIK GM,Jakarta,Klinik,204,MARCKS,TA,TETRACYCLINE KAPSUL 250 MG,1/21/2022,25,KAPSUL,9800
IN6155,CUST55382,BRG0004,CAB03,KLINIK GM,Jakarta,Klinik,201,VNS,TA,TRAMADOL KAPSUL 50 MG,1/21/2022,12,KAPSUL,24500
IN6155,CUST55382,BRG0007,CAB03,KLINIK GM,Jakarta,Klinik,206,ETIKAL,TA,ERGOTAMINE COFFEINE,1/21/2022,10,BOTOL,64700
IN6156,CUST55608,BRG0009,CAB04,APOTEK MERDEKA,Bandung,Apotek,207,VNS,TA,AMBROXOL HC,4/7/2022,24,BOTOL,31000
IN6157,CUST55613,BRG0004,CAB02,APOTEK MAJA,Kuningan,Apotek,201,VNS,TA,TRAMADOL KAPSUL 50 MG,4/12/2022,67,KAPSUL,24500
IN6158,CUST55699,BRG0010,CAB05,KLINIK SAHABAT,Tangerang,Klinik,208,SLCYL,TD,PARACETAMOL,5/1/2022,14,BOTOL,21000
IN6159,CUST55689,BRG0010,CAB03,KLINIK GM,Jakarta,Klinik,208,SLCYL,TA,PARACETAMOL,6/13/2022,67,BOTOL,21000
IN6160,CUST55672,BRG0003,CAB01,APOTEK TAPAK,Aceh,Apotek,210,MARCKS,EPM,AMPICILLIN,5/27/2022,5,BOTOL,17000
IN6161,CUST55466,BRG0001,CAB05,KLINIK SAHABAT,Tangerang,Klinik,206,OGB & PH,TD,ACYCLOVIR DUS,1/27/2022,24,DUS,96000
IN6162,CUST55503,BRG0004,CAB04,APOTEK MERDEKA,Bandung,Apotek,201,VNS,TA,TRAMADOL KAPSUL 50 MG,1/28/2022,12,KAPSUL,24500
IN6163,CUST55421,BRG0002,CAB05,KLINIK SAHABAT,Tangerang,Klinik,203,ETIKAL,TD,ALERGINE TABLET SALUT,1/30/2022,5,DUS,112000
IN6164,CUST55578,BRG0009,CAB04,APOTEK MERDEKA,Bandung,Apotek,207,VNS,TA,AMBROXOL HC,3/8/2022,1,BOTOL,31000
IN6165,CUST55722,BRG0003,CAB06,APOTEK SINAR JAYA,Bekasi,Apotek,210,MARCKS,TA,AMPICILLIN,6/16/2022,34,BOTOL,17000
IN6166,CUST55675,BRG0006,CAB04,APOTEK MERDEKA,Bandung,Apotek,205,OGB & PH,TA,KETOCONAZOLE TABLET 200 MG,5/30/2022,1,TABLET,39000
IN6167,CUST55491,BRG0002,CAB07,APOTEK SAHABAT,Padang,Apotek,203,ETIKAL,EPM,ALERGINE TABLET SALUT,1/28/2022,12,DUS,112000
IN6168,CUST55644,BRG0005,CAB03,KLINIK GM,Jakarta,Klinik,203,SLCYL,TA,KLORPROMAZINA TABLET SALUT SELAPUT 100 MG,5/13/2022,24,TABLET,47000
IN6169,CUST55665,BRG0006,CAB01,APOTEK TAPAK,Aceh,Apotek,205,OGB & PH,EPM,KETOCONAZOLE TABLET 200 MG,5/20/2022,67,TABLET,39000
IN6170,CUST55505,BRG0006,CAB06,APOTEK SINAR JAYA,Bekasi,Apotek,205,OGB & PH,TA,KETOCONAZOLE TABLET 200 MG,1/30/2022,14,TABLET,39000
IN6171,CUST55545,BRG0006,CAB01,APOTEK TAPAK,Aceh,Apotek,205,OGB & PH,EPM,KETOCONAZOLE TABLET 200 MG,2/3/2022,25,TABLET,39000
IN6172,CUST55497,BRG0002,CAB06,APOTEK SINAR JAYA,Bekasi,Apotek,203,ETIKAL,TA,ALERGINE TABLET SALUT,1/28/2022,12,DUS,112000
IN6173,CUST55406,BRG0001,CAB05,KLINIK SAHABAT,Tangerang,Klinik,206,OGB & PH,TD,ACYCLOVIR DUS,1/27/2022,12,DUS,96000
IN6174,CUST55618,BRG0003,CAB07,APOTEK SAHABAT,Padang,Apotek,210,MARCKS,EPM,AMPICILLIN,4/17/2022,9,BOTOL,17000
IN6175,CUST55404,BRG0005,CAB03,KLINIK GM,Jakarta,Klinik,203,SLCYL,TA,KLORPROMAZINA TABLET SALUT SELAPUT 100 MG,1/31/2022,18,TABLET,47000
IN6176,CUST55403,BRG0004,CAB02,APOTEK MAJA,Kuningan,Apotek,201,VNS,TA,TRAMADOL KAPSUL 50 MG,1/30/2022,18,KAPSUL,24500
IN6177,CUST55585,BRG0006,CAB04,APOTEK MERDEKA,Bandung,Apotek,205,OGB & PH,TA,KETOCONAZOLE TABLET 200 MG,3/15/2022,17,TABLET,39000
IN6178,CUST55695,BRG0006,CAB01,APOTEK TAPAK,Aceh,Apotek,205,OGB & PH,EPM,KETOCONAZOLE TABLET 200 MG,5/2/2022,18,TABLET,39000
IN6179,CUST55669,BRG0010,CAB05,KLINIK SAHABAT,Tangerang,Klinik,208,SLCYL,TD,PARACETAMOL,5/24/2022,8,BOTOL,21000
IN6180,CUST55614,BRG0005,CAB03,KLINIK GM,Jakarta,Klinik,203,SLCYL,TA,KLORPROMAZINA TABLET SALUT SELAPUT 100 MG,4/13/2022,98,TABLET,47000
IN6181,CUST55549,BRG0010,CAB05,KLINIK SAHABAT,Tangerang,Klinik,208,SLCYL,TD,PARACETAMOL,2/7/2022,130,BOTOL,21000
IN6182,CUST55577,BRG0008,CAB03,KLINIK GM,Jakarta,Klinik,204,MARCKS,TA,TETRACYCLINE KAPSUL 250 MG,3/7/2022,13,KAPSUL,9800
IN6183,CUST55498,BRG0003,CAB07,APOTEK SAHABAT,Padang,Apotek,210,MARCKS,EPM,AMPICILLIN,1/23/2022,25,BOTOL,17000
IN6184,CUST55395,BRG0006,CAB01,APOTEK TAPAK,Aceh,Apotek,205,OGB & PH,EPM,KETOCONAZOLE TABLET 200 MG,1/28/2022,25,TABLET,39000
IN6184,CUST55395,BRG0003,CAB01,APOTEK TAPAK,Aceh,Apotek,210,MARCKS,EPM,AMPICILLIN,1/28/2022,12,BOTOL,17000
IN6184,CUST55395,BRG0004,CAB01,APOTEK TAPAK,Aceh,Apotek,201,VNS,EPM,TRAMADOL KAPSUL 50 MG,1/28/2022,25,KAPSUL,24500
IN6184,CUST55395,BRG0002,CAB01,APOTEK TAPAK,Aceh,Apotek,203,ETIKAL,EPM,ALERGINE TABLET SALUT,1/28/2022,1,DUS,112000
IN6185,CUST55483,BRG0004,CAB07,APOTEK SAHABAT,Padang,Apotek,201,VNS,EPM,TRAMADOL KAPSUL 50 MG,2/1/2022,9,KAPSUL,24500
IN6186,CUST55500,BRG0001,CAB01,APOTEK TAPAK,Aceh,Apotek,206,OGB & PH,EPM,ACYCLOVIR DUS,1/31/2022,18,DUS,96000
IN6187,CUST55606,BRG0007,CAB02,APOTEK MAJA,Kuningan,Apotek,206,ETIKAL,TA,ERGOTAMINE COFFEINE,4/5/2022,25,BOTOL,64700
IN6188,CUST55454,BRG0005,CAB08,KLINIK DR. ANDRI,Lampung,Klinik,203,SLCYL,TD,KLORPROMAZINA TABLET SALUT SELAPUT 100 MG,1/27/2022,10,TABLET,47000
IN6189,CUST55574,BRG0005,CAB08,KLINIK DR. ANDRI,Lampung,Klinik,203,SLCYL,TD,KLORPROMAZINA TABLET SALUT SELAPUT 100 MG,3/4/2022,1,TABLET,47000
IN6190,CUST55390,BRG0001,CAB04,APOTEK MERDEKA,Bandung,Apotek,206,OGB & PH,TA,ACYCLOVIR DUS,1/23/2022,2,DUS,96000
IN6190,CUST55390,BRG0001,CAB04,APOTEK MERDEKA,Bandung,Apotek,206,OGB & PH,TA,ACYCLOVIR DUS,1/23/2022,40,DUS,96000
IN6191,CUST55422,BRG0003,CAB06,APOTEK SINAR JAYA,Bekasi,Apotek,210,MARCKS,TA,AMPICILLIN,1/31/2022,4,BOTOL,17000
IN6192,CUST55645,BRG0006,CAB04,APOTEK MERDEKA,Bandung,Apotek,205,OGB & PH,TA,KETOCONAZOLE TABLET 200 MG,5/14/2022,10,TABLET,39000
IN6193,CUST55588,BRG0003,CAB07,APOTEK SAHABAT,Padang,Apotek,210,MARCKS,EPM,AMPICILLIN,3/18/2022,12,BOTOL,17000
IN6194,CUST55658,BRG0009,CAB02,APOTEK MAJA,Kuningan,Apotek,207,VNS,TA,AMBROXOL HC,4/18/2022,25,BOTOL,31000
IN6195,CUST55398,BRG0007,CAB04,APOTEK MERDEKA,Bandung,Apotek,206,ETIKAL,TA,ERGOTAMINE COFFEINE,1/31/2022,10,BOTOL,64700
IN6195,CUST55398,BRG0004,CAB04,APOTEK MERDEKA,Bandung,Apotek,201,VNS,TA,TRAMADOL KAPSUL 50 MG,1/31/2022,10,KAPSUL,24500
IN6195,CUST55398,BRG0009,CAB04,APOTEK MERDEKA,Bandung,Apotek,207,VNS,TA,AMBROXOL HC,1/31/2022,67,BOTOL,31000
IN6196,CUST55530,BRG0001,CAB01,APOTEK TAPAK,Aceh,Apotek,206,OGB & PH,EPM,ACYCLOVIR DUS,1/31/2022,45,DUS,96000
IN6197,CUST55630,BRG0001,CAB04,APOTEK MERDEKA,Bandung,Apotek,206,OGB & PH,TA,ACYCLOVIR DUS,4/29/2022,34,DUS,96000
IN6198,CUST55680,BRG0001,CAB01,APOTEK TAPAK,Aceh,Apotek,206,OGB & PH,EPM,ACYCLOVIR DUS,6/4/2022,4,DUS,96000
IN6199,CUST55509,BRG0010,CAB03,KLINIK GM,Jakarta,Klinik,208,SLCYL,TA,PARACETAMOL,1/28/2022,25,BOTOL,21000
IN6200,CUST55473,BRG0004,CAB04,APOTEK MERDEKA,Bandung,Apotek,201,VNS,TA,TRAMADOL KAPSUL 50 MG,1/28/2022,5,KAPSUL,24500
IN6201,CUST55668,BRG0009,CAB04,APOTEK MERDEKA,Bandung,Apotek,207,VNS,TA,AMBROXOL HC,5/23/2022,4,BOTOL,31000
IN6202,CUST55528,BRG0003,CAB07,APOTEK SAHABAT,Padang,Apotek,210,MARCKS,EPM,AMPICILLIN,1/23/2022,34,BOTOL,17000
IN6203,CUST55524,BRG0005,CAB03,KLINIK GM,Jakarta,Klinik,203,SLCYL,TA,KLORPROMAZINA TABLET SALUT SELAPUT 100 MG,1/31/2022,100,TABLET,47000
IN6204,CUST55727,BRG0008,CAB03,KLINIK GM,Jakarta,Klinik,204,MARCKS,TA,TETRACYCLINE KAPSUL 250 MG,6/16/2022,34,KAPSUL,9800
IN6205,CUST55520,BRG0001,CAB06,APOTEK SINAR JAYA,Bekasi,Apotek,206,OGB & PH,TA,ACYCLOVIR DUS,1/27/2022,8,DUS,96000
IN6206,CUST55582,BRG0003,CAB01,APOTEK TAPAK,Aceh,Apotek,210,MARCKS,EPM,AMPICILLIN,3/12/2022,23,BOTOL,17000
IN6207,CUST55605,BRG0006,CAB01,APOTEK TAPAK,Aceh,Apotek,205,OGB & PH,EPM,KETOCONAZOLE TABLET 200 MG,4/4/2022,12,TABLET,39000
IN6208,CUST55475,BRG0006,CAB06,APOTEK SINAR JAYA,Bekasi,Apotek,205,OGB & PH,TA,KETOCONAZOLE TABLET 200 MG,1/30/2022,8,TABLET,39000
IN6209,CUST55586,BRG0001,CAB05,KLINIK SAHABAT,Tangerang,Klinik,206,OGB & PH,TD,ACYCLOVIR DUS,3/16/2022,11,DUS,96000
IN6210,CUST55486,BRG0007,CAB02,APOTEK MAJA,Kuningan,Apotek,206,ETIKAL,TA,ERGOTAMINE COFFEINE,1/23/2022,4,BOTOL,64700
IN6211,CUST55501,BRG0002,CAB02,APOTEK MAJA,Kuningan,Apotek,203,ETIKAL,TA,ALERGINE TABLET SALUT,2/1/2022,18,DUS,112000
IN6212,CUST55681,BRG0002,CAB02,APOTEK MAJA,Kuningan,Apotek,203,ETIKAL,TA,ALERGINE TABLET SALUT,6/5/2022,2,DUS,112000
IN6213,CUST55701,BRG0002,CAB07,APOTEK SAHABAT,Padang,Apotek,203,ETIKAL,EPM,ALERGINE TABLET SALUT,5/3/2022,22,DUS,112000
IN6214,CUST55461,BRG0002,CAB07,APOTEK SAHABAT,Padang,Apotek,203,ETIKAL,EPM,ALERGINE TABLET SALUT,1/28/2022,21,DUS,112000
IN6215,CUST55510,BRG0001,CAB04,APOTEK MERDEKA,Bandung,Apotek,206,OGB & PH,TA,ACYCLOVIR DUS,1/23/2022,14,DUS,96000
IN6216,CUST55456,BRG0007,CAB02,APOTEK MAJA,Kuningan,Apotek,206,ETIKAL,TA,ERGOTAMINE COFFEINE,1/23/2022,98,BOTOL,64700
IN6217,CUST55438,BRG0003,CAB07,APOTEK SAHABAT,Padang,Apotek,210,MARCKS,EPM,AMPICILLIN,1/23/2022,5,BOTOL,17000
IN6218,CUST55639,BRG0010,CAB05,KLINIK SAHABAT,Tangerang,Klinik,208,SLCYL,TD,PARACETAMOL,4/17/2022,21,BOTOL,21000
IN6219,CUST55436,BRG0001,CAB05,KLINIK SAHABAT,Tangerang,Klinik,206,OGB & PH,TD,ACYCLOVIR DUS,1/27/2022,34,DUS,96000
IN6220,CUST55444,BRG0005,CAB05,KLINIK SAHABAT,Tangerang,Klinik,203,SLCYL,TD,KLORPROMAZINA TABLET SALUT SELAPUT 100 MG,1/23/2022,48,TABLET,47000
IN6221,CUST55504,BRG0005,CAB05,KLINIK SAHABAT,Tangerang,Klinik,203,SLCYL,TD,KLORPROMAZINA TABLET SALUT SELAPUT 100 MG,1/23/2022,25,TABLET,47000
IN6222,CUST55678,BRG0003,CAB07,APOTEK SAHABAT,Padang,Apotek,210,MARCKS,EPM,AMPICILLIN,6/2/2022,1,BOTOL,17000
IN6223,CUST55633,BRG0004,CAB07,APOTEK SAHABAT,Padang,Apotek,201,VNS,EPM,TRAMADOL KAPSUL 50 MG,5/2/2022,6,KAPSUL,24500
IN6224,CUST55559,BRG0004,CAB08,KLINIK DR. ANDRI,Lampung,Klinik,201,VNS,TD,TRAMADOL KAPSUL 50 MG,2/17/2022,22,KAPSUL,24500
IN6225,CUST55631,BRG0002,CAB05,KLINIK SAHABAT,Tangerang,Klinik,203,ETIKAL,TD,ALERGINE TABLET SALUT,4/30/2022,44,DUS,112000
IN6226,CUST55416,BRG0007,CAB07,APOTEK SAHABAT,Padang,Apotek,206,ETIKAL,EPM,ERGOTAMINE COFFEINE,1/31/2022,23,BOTOL,64700
IN6227,CUST55611,BRG0002,CAB07,APOTEK SAHABAT,Padang,Apotek,203,ETIKAL,EPM,ALERGINE TABLET SALUT,4/10/2022,12,DUS,112000
IN6228,CUST55508,BRG0009,CAB02,APOTEK MAJA,Kuningan,Apotek,207,VNS,TA,AMBROXOL HC,1/27/2022,12,BOTOL,31000
IN6229,CUST55575,BRG0006,CAB01,APOTEK TAPAK,Aceh,Apotek,205,OGB & PH,EPM,KETOCONAZOLE TABLET 200 MG,3/5/2022,5,TABLET,39000
IN6230,CUST55413,BRG0004,CAB04,APOTEK MERDEKA,Bandung,Apotek,201,VNS,TA,TRAMADOL KAPSUL 50 MG,1/28/2022,14,KAPSUL,24500
IN6231,CUST55563,BRG0004,CAB04,APOTEK MERDEKA,Bandung,Apotek,201,VNS,TA,TRAMADOL KAPSUL 50 MG,2/21/2022,24,KAPSUL,24500
IN6232,CUST55609,BRG0010,CAB05,KLINIK SAHABAT,Tangerang,Klinik,208,SLCYL,TD,PARACETAMOL,4/8/2022,10,BOTOL,21000
IN6233,CUST55450,BRG0001,CAB04,APOTEK MERDEKA,Bandung,Apotek,206,OGB & PH,TA,ACYCLOVIR DUS,1/23/2022,24,DUS,96000
IN6234,CUST55552,BRG0003,CAB01,APOTEK TAPAK,Aceh,Apotek,210,MARCKS,EPM,AMPICILLIN,2/10/2022,67,BOTOL,17000
IN6235,CUST55451,BRG0002,CAB05,KLINIK SAHABAT,Tangerang,Klinik,203,ETIKAL,TD,ALERGINE TABLET SALUT,1/30/2022,10,DUS,112000
IN6236,CUST55684,BRG0005,CAB05,KLINIK SAHABAT,Tangerang,Klinik,203,SLCYL,TD,KLORPROMAZINA TABLET SALUT SELAPUT 100 MG,6/8/2022,12,TABLET,47000
IN6237,CUST55619,BRG0004,CAB08,KLINIK DR. ANDRI,Lampung,Klinik,201,VNS,TD,TRAMADOL KAPSUL 50 MG,4/18/2022,10,KAPSUL,24500
IN6238,CUST55460,BRG0001,CAB06,APOTEK SINAR JAYA,Bekasi,Apotek,206,OGB & PH,TA,ACYCLOVIR DUS,1/27/2022,9,DUS,96000
IN6239,CUST55572,BRG0003,CAB06,APOTEK SINAR JAYA,Bekasi,Apotek,210,MARCKS,TA,AMPICILLIN,3/2/2022,8,BOTOL,17000
IN6240,CUST55541,BRG0002,CAB05,KLINIK SAHABAT,Tangerang,Klinik,203,ETIKAL,TD,ALERGINE TABLET SALUT,1/30/2022,48,DUS,112000
IN6241,CUST55440,BRG0001,CAB01,APOTEK TAPAK,Aceh,Apotek,206,OGB & PH,EPM,ACYCLOVIR DUS,1/31/2022,79,DUS,96000
IN6242,CUST55534,BRG0005,CAB05,KLINIK SAHABAT,Tangerang,Klinik,203,SLCYL,TD,KLORPROMAZINA TABLET SALUT SELAPUT 100 MG,1/23/2022,44,TABLET,47000
IN6243,CUST55525,BRG0006,CAB04,APOTEK MERDEKA,Bandung,Apotek,205,OGB & PH,TA,KETOCONAZOLE TABLET 200 MG,2/1/2022,67,TABLET,39000
IN6244,CUST55542,BRG0003,CAB06,APOTEK SINAR JAYA,Bekasi,Apotek,210,MARCKS,TA,AMPICILLIN,1/31/2022,21,BOTOL,17000
IN6245,CUST55397,BRG0008,CAB03,KLINIK GM,Jakarta,Klinik,204,MARCKS,TA,TETRACYCLINE KAPSUL 250 MG,1/30/2022,34,KAPSUL,9800
IN6246,CUST55533,BRG0004,CAB04,APOTEK MERDEKA,Bandung,Apotek,201,VNS,TA,TRAMADOL KAPSUL 50 MG,1/28/2022,34,KAPSUL,24500
IN6247,CUST55425,BRG0006,CAB01,APOTEK TAPAK,Aceh,Apotek,205,OGB & PH,EPM,KETOCONAZOLE TABLET 200 MG,1/28/2022,10,TABLET,39000
IN6248,CUST55427,BRG0008,CAB03,KLINIK GM,Jakarta,Klinik,204,MARCKS,TA,TETRACYCLINE KAPSUL 250 MG,1/30/2022,100,KAPSUL,9800
IN6249,CUST55703,BRG0004,CAB02,APOTEK MAJA,Kuningan,Apotek,201,VNS,TA,TRAMADOL KAPSUL 50 MG,4/30/2022,25,KAPSUL,24500
IN6250,CUST55587,BRG0002,CAB06,APOTEK SINAR JAYA,Bekasi,Apotek,203,ETIKAL,TA,ALERGINE TABLET SALUT,3/17/2022,12,DUS,112000
IN6251,CUST55387,BRG0008,CAB01,APOTEK TAPAK,Aceh,Apotek,204,MARCKS,EPM,TETRACYCLINE KAPSUL 250 MG,1/23/2022,1,KAPSUL,9800
IN6251,CUST55387,BRG0007,CAB01,APOTEK TAPAK,Aceh,Apotek,206,ETIKAL,EPM,ERGOTAMINE COFFEINE,1/23/2022,12,BOTOL,64700
IN6251,CUST55387,BRG0008,CAB01,APOTEK TAPAK,Aceh,Apotek,204,MARCKS,EPM,TETRACYCLINE KAPSUL 250 MG,1/23/2022,5,KAPSUL,9800
IN6251,CUST55387,BRG0009,CAB01,APOTEK TAPAK,Aceh,Apotek,207,VNS,EPM,AMBROXOL HC,1/23/2022,12,BOTOL,31000
IN6251,CUST55387,BRG0004,CAB01,APOTEK TAPAK,Aceh,Apotek,201,VNS,EPM,TRAMADOL KAPSUL 50 MG,1/23/2022,5,KAPSUL,24500
IN6251,CUST55387,BRG0005,CAB01,APOTEK TAPAK,Aceh,Apotek,203,SLCYL,EPM,KLORPROMAZINA TABLET SALUT SELAPUT 100 MG,1/23/2022,5,TABLET,47000
IN6251,CUST55387,BRG0006,CAB01,APOTEK TAPAK,Aceh,Apotek,205,OGB & PH,EPM,KETOCONAZOLE TABLET 200 MG,1/23/2022,5,TABLET,39000
IN6251,CUST55387,BRG0001,CAB01,APOTEK TAPAK,Aceh,Apotek,206,OGB & PH,EPM,ACYCLOVIR DUS,1/23/2022,2,DUS,96000
IN6251,CUST55387,BRG0002,CAB01,APOTEK TAPAK,Aceh,Apotek,203,ETIKAL,EPM,ALERGINE TABLET SALUT,1/23/2022,2,DUS,112000
IN6251,CUST55387,BRG0003,CAB01,APOTEK TAPAK,Aceh,Apotek,210,MARCKS,EPM,AMPICILLIN,1/23/2022,12,BOTOL,17000
IN6252,CUST55649,BRG0004,CAB08,KLINIK DR. ANDRI,Lampung,Klinik,201,VNS,TD,TRAMADOL KAPSUL 50 MG,5/18/2022,67,KAPSUL,24500
IN6253,CUST55431,BRG0002,CAB07,APOTEK SAHABAT,Padang,Apotek,203,ETIKAL,EPM,ALERGINE TABLET SALUT,1/28/2022,34,DUS,112000
IN6254,CUST55544,BRG0005,CAB08,KLINIK DR. ANDRI,Lampung,Klinik,203,SLCYL,TD,KLORPROMAZINA TABLET SALUT SELAPUT 100 MG,2/2/2022,12,TABLET,47000
IN6255,CUST55446,BRG0007,CAB07,APOTEK SAHABAT,Padang,Apotek,206,ETIKAL,EPM,ERGOTAMINE COFFEINE,1/31/2022,22,BOTOL,64700
IN6256,CUST55463,BRG0004,CAB02,APOTEK MAJA,Kuningan,Apotek,201,VNS,TA,TRAMADOL KAPSUL 50 MG,1/30/2022,12,KAPSUL,24500
IN6257,CUST55615,BRG0006,CAB04,APOTEK MERDEKA,Bandung,Apotek,205,OGB & PH,TA,KETOCONAZOLE TABLET 200 MG,4/14/2022,5,TABLET,39000
IN6258,CUST55484,BRG0005,CAB08,KLINIK DR. ANDRI,Lampung,Klinik,203,SLCYL,TD,KLORPROMAZINA TABLET SALUT SELAPUT 100 MG,1/27/2022,1,TABLET,47000
IN6259,CUST55405,BRG0005,CAB04,APOTEK MERDEKA,Bandung,Apotek,203,SLCYL,TA,KLORPROMAZINA TABLET SALUT SELAPUT 100 MG,2/1/2022,18,TABLET,47000
IN6259,CUST55405,BRG0004,CAB04,APOTEK MERDEKA,Bandung,Apotek,201,VNS,TA,TRAMADOL KAPSUL 50 MG,2/1/2022,18,KAPSUL,24500
IN6259,CUST55405,BRG0003,CAB04,APOTEK MERDEKA,Bandung,Apotek,210,MARCKS,TA,AMPICILLIN,2/1/2022,14,BOTOL,17000
IN6259,CUST55405,BRG0002,CAB04,APOTEK MERDEKA,Bandung,Apotek,203,ETIKAL,TA,ALERGINE TABLET SALUT,2/1/2022,25,DUS,112000
IN6259,CUST55405,BRG0006,CAB04,APOTEK MERDEKA,Bandung,Apotek,205,OGB & PH,TA,KETOCONAZOLE TABLET 200 MG,2/1/2022,19,TABLET,39000
IN6260,CUST55564,BRG0005,CAB05,KLINIK SAHABAT,Tangerang,Klinik,203,SLCYL,TD,KLORPROMAZINA TABLET SALUT SELAPUT 100 MG,2/22/2022,10,TABLET,47000
IN6261,CUST55547,BRG0008,CAB03,KLINIK GM,Jakarta,Klinik,204,MARCKS,TA,TETRACYCLINE KAPSUL 250 MG,2/5/2022,24,KAPSUL,9800
IN6262,CUST55419,BRG0010,CAB03,KLINIK GM,Jakarta,Klinik,208,SLCYL,TA,PARACETAMOL,1/28/2022,67,BOTOL,21000
IN6263,CUST55452,BRG0003,CAB06,APOTEK SINAR JAYA,Bekasi,Apotek,210,MARCKS,TA,AMPICILLIN,1/31/2022,130,BOTOL,17000
IN6264,CUST55690,BRG0001,CAB04,APOTEK MERDEKA,Bandung,Apotek,206,OGB & PH,TA,ACYCLOVIR DUS,6/14/2022,15,DUS,96000
IN6265,CUST55698,BRG0009,CAB04,APOTEK MERDEKA,Bandung,Apotek,207,VNS,TA,AMBROXOL HC,4/30/2022,25,BOTOL,31000
IN6266,CUST55531,BRG0002,CAB02,APOTEK MAJA,Kuningan,Apotek,203,ETIKAL,TA,ALERGINE TABLET SALUT,2/1/2022,34,DUS,112000
IN6267,CUST55459,BRG0010,CAB05,KLINIK SAHABAT,Tangerang,Klinik,208,SLCYL,TD,PARACETAMOL,2/1/2022,8,BOTOL,21000
IN6268,CUST55692,BRG0003,CAB06,APOTEK SINAR JAYA,Bekasi,Apotek,210,MARCKS,TA,AMPICILLIN,6/16/2022,25,BOTOL,17000
IN6269,CUST55453,BRG0004,CAB07,APOTEK SAHABAT,Padang,Apotek,201,VNS,EPM,TRAMADOL KAPSUL 50 MG,2/1/2022,12,KAPSUL,24500
IN6270,CUST55696,BRG0007,CAB02,APOTEK MAJA,Kuningan,Apotek,206,ETIKAL,TA,ERGOTAMINE COFFEINE,5/3/2022,19,BOTOL,64700
IN6271,CUST55604,BRG0005,CAB08,KLINIK DR. ANDRI,Lampung,Klinik,203,SLCYL,TD,KLORPROMAZINA TABLET SALUT SELAPUT 100 MG,4/3/2022,22,TABLET,47000
IN6272,CUST55650,BRG0001,CAB01,APOTEK TAPAK,Aceh,Apotek,206,OGB & PH,EPM,ACYCLOVIR DUS,5/19/2022,98,DUS,96000
IN6273,CUST55634,BRG0005,CAB08,KLINIK DR. ANDRI,Lampung,Klinik,203,SLCYL,TD,KLORPROMAZINA TABLET SALUT SELAPUT 100 MG,5/3/2022,79,TABLET,47000
IN6274,CUST55423,BRG0004,CAB07,APOTEK SAHABAT,Padang,Apotek,201,VNS,EPM,TRAMADOL KAPSUL 50 MG,2/1/2022,8,KAPSUL,24500
IN6275,CUST55568,BRG0009,CAB02,APOTEK MAJA,Kuningan,Apotek,207,VNS,TA,AMBROXOL HC,2/26/2022,67,BOTOL,31000
IN6276,CUST55481,BRG0002,CAB05,KLINIK SAHABAT,Tangerang,Klinik,203,ETIKAL,TD,ALERGINE TABLET SALUT,1/30/2022,1,DUS,112000
IN6277,CUST55629,BRG0010,CAB03,KLINIK GM,Jakarta,Klinik,208,SLCYL,TA,PARACETAMOL,4/28/2022,34,BOTOL,21000
IN6278,CUST55499,BRG0004,CAB08,KLINIK DR. ANDRI,Lampung,Klinik,201,VNS,TD,TRAMADOL KAPSUL 50 MG,1/30/2022,14,KAPSUL,24500
IN6279,CUST55529,BRG0004,CAB08,KLINIK DR. ANDRI,Lampung,Klinik,201,VNS,TD,TRAMADOL KAPSUL 50 MG,1/30/2022,20,KAPSUL,24500
IN6280,CUST55384,BRG0005,CAB05,KLINIK SAHABAT,Tangerang,Klinik,203,SLCYL,TD,KLORPROMAZINA TABLET SALUT SELAPUT 100 MG,1/23/2022,1,TABLET,47000
IN6280,CUST55384,BRG0009,CAB05,KLINIK SAHABAT,Tangerang,Klinik,207,VNS,TD,AMBROXOL HC,1/23/2022,10,BOTOL,31000
IN6280,CUST55384,BRG0006,CAB05,KLINIK SAHABAT,Tangerang,Klinik,205,OGB & PH,TD,KETOCONAZOLE TABLET 200 MG,1/23/2022,25,TABLET,39000
IN6280,CUST55384,BRG0005,CAB05,KLINIK SAHABAT,Tangerang,Klinik,203,SLCYL,TD,KLORPROMAZINA TABLET SALUT SELAPUT 100 MG,1/23/2022,5,TABLET,47000
IN6280,CUST55384,BRG0002,CAB05,KLINIK SAHABAT,Tangerang,Klinik,203,ETIKAL,TD,ALERGINE TABLET SALUT,1/23/2022,3,DUS,112000
IN6280,CUST55384,BRG0001,CAB05,KLINIK SAHABAT,Tangerang,Klinik,206,OGB & PH,TD,ACYCLOVIR DUS,1/23/2022,2,DUS,96000
IN6280,CUST55384,BRG0007,CAB05,KLINIK SAHABAT,Tangerang,Klinik,206,ETIKAL,TD,ERGOTAMINE COFFEINE,1/23/2022,10,BOTOL,64700
IN6280,CUST55384,BRG0010,CAB05,KLINIK SAHABAT,Tangerang,Klinik,208,SLCYL,TD,PARACETAMOL,1/23/2022,10,BOTOL,21000
IN6281,CUST55415,BRG0006,CAB06,APOTEK SINAR JAYA,Bekasi,Apotek,205,OGB & PH,TA,KETOCONAZOLE TABLET 200 MG,1/30/2022,10,TABLET,39000
IN6282,CUST55673,BRG0004,CAB02,APOTEK MAJA,Kuningan,Apotek,201,VNS,TA,TRAMADOL KAPSUL 50 MG,5/28/2022,9,KAPSUL,24500
IN6283,CUST55664,BRG0005,CAB08,KLINIK DR. ANDRI,Lampung,Klinik,203,SLCYL,TD,KLORPROMAZINA TABLET SALUT SELAPUT 100 MG,5/19/2022,10,TABLET,47000
IN6284,CUST55540,BRG0001,CAB04,APOTEK MERDEKA,Bandung,Apotek,206,OGB & PH,TA,ACYCLOVIR DUS,1/23/2022,76,DUS,96000
IN6285,CUST55646,BRG0001,CAB05,KLINIK SAHABAT,Tangerang,Klinik,206,OGB & PH,TD,ACYCLOVIR DUS,5/15/2022,130,DUS,96000
IN6286,CUST55468,BRG0003,CAB07,APOTEK SAHABAT,Padang,Apotek,210,MARCKS,EPM,AMPICILLIN,1/23/2022,120,BOTOL,17000
IN6287,CUST55391,BRG0002,CAB05,KLINIK SAHABAT,Tangerang,Klinik,203,ETIKAL,TD,ALERGINE TABLET SALUT,1/30/2022,17,DUS,112000
IN6287,CUST55391,BRG0006,CAB05,KLINIK SAHABAT,Tangerang,Klinik,205,OGB & PH,TD,KETOCONAZOLE TABLET 200 MG,1/30/2022,20,TABLET,39000
IN6287,CUST55391,BRG0010,CAB05,KLINIK SAHABAT,Tangerang,Klinik,208,SLCYL,TD,PARACETAMOL,1/30/2022,16,BOTOL,21000
IN6288,CUST55682,BRG0003,CAB03,KLINIK GM,Jakarta,Klinik,210,MARCKS,TA,AMPICILLIN,6/6/2022,17,BOTOL,17000
IN6289,CUST55492,BRG0003,CAB01,APOTEK TAPAK,Aceh,Apotek,210,MARCKS,EPM,AMPICILLIN,1/23/2022,25,BOTOL,17000
IN6290,CUST55592,BRG0003,CAB03,KLINIK GM,Jakarta,Klinik,210,MARCKS,TA,AMPICILLIN,3/22/2022,67,BOTOL,17000
IN6291,CUST55489,BRG0010,CAB05,KLINIK SAHABAT,Tangerang,Klinik,208,SLCYL,TD,PARACETAMOL,2/1/2022,11,BOTOL,21000
IN6292,CUST55467,BRG0002,CAB06,APOTEK SINAR JAYA,Bekasi,Apotek,203,ETIKAL,TA,ALERGINE TABLET SALUT,1/28/2022,10,DUS,112000
IN6293,CUST55519,BRG0010,CAB05,KLINIK SAHABAT,Tangerang,Klinik,208,SLCYL,TD,PARACETAMOL,2/1/2022,4,BOTOL,21000
IN6294,CUST55711,BRG0002,CAB02,APOTEK MAJA,Kuningan,Apotek,203,ETIKAL,TA,ALERGINE TABLET SALUT,5/3/2022,98,DUS,112000
IN6295,CUST55653,BRG0004,CAB04,APOTEK MERDEKA,Bandung,Apotek,201,VNS,TA,TRAMADOL KAPSUL 50 MG,5/22/2022,8,KAPSUL,24500
IN6296,CUST55685,BRG0006,CAB06,APOTEK SINAR JAYA,Bekasi,Apotek,205,OGB & PH,TA,KETOCONAZOLE TABLET 200 MG,6/9/2022,12,TABLET,39000
IN6297,CUST55381,BRG0007,CAB02,APOTEK MAJA,Kuningan,Apotek,206,ETIKAL,TA,ERGOTAMINE COFFEINE,1/20/2022,12,BOTOL,64700
IN6297,CUST55381,BRG0005,CAB02,APOTEK MAJA,Kuningan,Apotek,203,SLCYL,TA,KLORPROMAZINA TABLET SALUT SELAPUT 100 MG,1/20/2022,15,TABLET,47000
IN6297,CUST55381,BRG0008,CAB02,APOTEK MAJA,Kuningan,Apotek,204,MARCKS,TA,TETRACYCLINE KAPSUL 250 MG,1/20/2022,30,KAPSUL,9800
IN6297,CUST55381,BRG0002,CAB02,APOTEK MAJA,Kuningan,Apotek,203,ETIKAL,TA,ALERGINE TABLET SALUT,1/20/2022,5,DUS,112000
IN6298,CUST55652,BRG0003,CAB03,KLINIK GM,Jakarta,Klinik,210,MARCKS,TA,AMPICILLIN,5/21/2022,4,BOTOL,17000
IN6299,CUST55514,BRG0005,CAB08,KLINIK DR. ANDRI,Lampung,Klinik,203,SLCYL,TD,KLORPROMAZINA TABLET SALUT SELAPUT 100 MG,1/27/2022,12,TABLET,47000
IN6300,CUST55507,BRG0008,CAB01,APOTEK TAPAK,Aceh,Apotek,204,MARCKS,EPM,TETRACYCLINE KAPSUL 250 MG,2/1/2022,22,KAPSUL,9800
IN6301,CUST55393,BRG0004,CAB07,APOTEK SAHABAT,Padang,Apotek,201,VNS,EPM,TRAMADOL KAPSUL 50 MG,2/1/2022,12,KAPSUL,24500
IN6301,CUST55393,BRG0009,CAB07,APOTEK SAHABAT,Padang,Apotek,207,VNS,EPM,AMBROXOL HC,2/1/2022,10,BOTOL,31000
IN6301,CUST55393,BRG0008,CAB07,APOTEK SAHABAT,Padang,Apotek,204,MARCKS,EPM,TETRACYCLINE KAPSUL 250 MG,2/1/2022,24,KAPSUL,9800
IN6301,CUST55393,BRG0006,CAB07,APOTEK SAHABAT,Padang,Apotek,205,OGB & PH,EPM,KETOCONAZOLE TABLET 200 MG,2/1/2022,12,TABLET,39000
IN6302,CUST55565,BRG0006,CAB06,APOTEK SINAR JAYA,Bekasi,Apotek,205,OGB & PH,TA,KETOCONAZOLE TABLET 200 MG,2/23/2022,120,TABLET,39000
IN6303,CUST55539,BRG0010,CAB03,KLINIK GM,Jakarta,Klinik,208,SLCYL,TA,PARACETAMOL,1/28/2022,95,BOTOL,21000
IN6304,CUST55728,BRG0009,CAB04,APOTEK MERDEKA,Bandung,Apotek,207,VNS,TA,AMBROXOL HC,4/30/2022,44,BOTOL,31000
IN6305,CUST55493,BRG0004,CAB02,APOTEK MAJA,Kuningan,Apotek,201,VNS,TA,TRAMADOL KAPSUL 50 MG,1/30/2022,14,KAPSUL,24500
IN6306,CUST55430,BRG0005,CAB06,APOTEK SINAR JAYA,Bekasi,Apotek,203,SLCYL,TA,KLORPROMAZINA TABLET SALUT SELAPUT 100 MG,1/27/2022,34,TABLET,47000
IN6306,CUST55430,BRG0001,CAB06,APOTEK SINAR JAYA,Bekasi,Apotek,206,OGB & PH,TA,ACYCLOVIR DUS,1/27/2022,45,DUS,96000
IN6306,CUST55430,BRG0004,CAB06,APOTEK SINAR JAYA,Bekasi,Apotek,201,VNS,TA,TRAMADOL KAPSUL 50 MG,1/27/2022,45,KAPSUL,24500
IN6307,CUST55396,BRG0007,CAB02,APOTEK MAJA,Kuningan,Apotek,206,ETIKAL,TA,ERGOTAMINE COFFEINE,1/23/2022,22,BOTOL,64700
IN6307,CUST55396,BRG0006,CAB02,APOTEK MAJA,Kuningan,Apotek,205,OGB & PH,TA,KETOCONAZOLE TABLET 200 MG,1/23/2022,15,TABLET,39000
IN6307,CUST55396,BRG0003,CAB02,APOTEK MAJA,Kuningan,Apotek,210,MARCKS,TA,AMPICILLIN,1/23/2022,24,BOTOL,17000
IN6307,CUST55396,BRG0007,CAB02,APOTEK MAJA,Kuningan,Apotek,206,ETIKAL,TA,ERGOTAMINE COFFEINE,1/23/2022,14,BOTOL,64700
IN6307,CUST55396,BRG0002,CAB02,APOTEK MAJA,Kuningan,Apotek,203,ETIKAL,TA,ALERGINE TABLET SALUT,1/23/2022,4,DUS,112000
IN6307,CUST55396,BRG0001,CAB02,APOTEK MAJA,Kuningan,Apotek,206,OGB & PH,TA,ACYCLOVIR DUS,1/23/2022,4,DUS,96000
IN6307,CUST55396,BRG0005,CAB02,APOTEK MAJA,Kuningan,Apotek,203,SLCYL,TA,KLORPROMAZINA TABLET SALUT SELAPUT 100 MG,1/23/2022,14,TABLET,47000
IN6307,CUST55396,BRG0004,CAB02,APOTEK MAJA,Kuningan,Apotek,201,VNS,TA,TRAMADOL KAPSUL 50 MG,1/23/2022,12,KAPSUL,24500
IN6308,CUST55516,BRG0007,CAB02,APOTEK MAJA,Kuningan,Apotek,206,ETIKAL,TA,ERGOTAMINE COFFEINE,1/23/2022,67,BOTOL,64700
IN6308,CUST55397,BRG0006,CAB03,KLINIK GM,Jakarta,Klinik,205,OGB & PH,TA,KETOCONAZOLE TABLET 200 MG,1/23/2022,10,TABLET,39000
IN6308,CUST55397,BRG0001,CAB03,KLINIK GM,Jakarta,Klinik,206,OGB & PH,TA,ACYCLOVIR DUS,1/23/2022,8,DUS,96000
IN6309,CUST55627,BRG0008,CAB01,APOTEK TAPAK,Aceh,Apotek,204,MARCKS,EPM,TETRACYCLINE KAPSUL 250 MG,4/26/2022,45,KAPSUL,9800
IN6310,CUST55693,BRG0004,CAB07,APOTEK SAHABAT,Padang,Apotek,201,VNS,EPM,TRAMADOL KAPSUL 50 MG,4/30/2022,14,KAPSUL,24500
IN6311,CUST55426,BRG0007,CAB02,APOTEK MAJA,Kuningan,Apotek,206,ETIKAL,TA,ERGOTAMINE COFFEINE,1/23/2022,7,BOTOL,64700
IN6312,CUST55725,BRG0006,CAB01,APOTEK TAPAK,Aceh,Apotek,205,OGB & PH,EPM,KETOCONAZOLE TABLET 200 MG,5/2/2022,34,TABLET,39000
IN6313,CUST55660,BRG0001,CAB04,APOTEK MERDEKA,Bandung,Apotek,206,OGB & PH,TA,ACYCLOVIR DUS,4/20/2022,24,DUS,96000
IN6314,CUST55527,BRG0002,CAB06,APOTEK SINAR JAYA,Bekasi,Apotek,203,ETIKAL,TA,ALERGINE TABLET SALUT,1/28/2022,45,DUS,112000
IN6315,CUST55643,BRG0004,CAB02,APOTEK MAJA,Kuningan,Apotek,201,VNS,TA,TRAMADOL KAPSUL 50 MG,4/21/2022,14,KAPSUL,24500
IN6316,CUST55662,BRG0003,CAB06,APOTEK SINAR JAYA,Bekasi,Apotek,210,MARCKS,TA,AMPICILLIN,4/19/2022,120,BOTOL,17000
IN6317,CUST55522,BRG0003,CAB01,APOTEK TAPAK,Aceh,Apotek,210,MARCKS,EPM,AMPICILLIN,1/23/2022,10,BOTOL,17000
IN6318,CUST55462,BRG0003,CAB01,APOTEK TAPAK,Aceh,Apotek,210,MARCKS,EPM,AMPICILLIN,1/23/2022,22,BOTOL,17000
IN6319,CUST55553,BRG0004,CAB02,APOTEK MAJA,Kuningan,Apotek,201,VNS,TA,TRAMADOL KAPSUL 50 MG,2/11/2022,98,KAPSUL,24500
IN6320,CUST55495,BRG0006,CAB04,APOTEK MERDEKA,Bandung,Apotek,205,OGB & PH,TA,KETOCONAZOLE TABLET 200 MG,2/1/2022,67,TABLET,39000
IN6321,CUST55410,BRG0001,CAB01,APOTEK TAPAK,Aceh,Apotek,206,OGB & PH,EPM,ACYCLOVIR DUS,1/31/2022,22,DUS,96000
IN6322,CUST55488,BRG0009,CAB04,APOTEK MERDEKA,Bandung,Apotek,207,VNS,TA,AMBROXOL HC,1/31/2022,17,BOTOL,31000
IN6323,CUST55439,BRG0004,CAB08,KLINIK DR. ANDRI,Lampung,Klinik,201,VNS,TD,TRAMADOL KAPSUL 50 MG,1/30/2022,6,KAPSUL,24500
IN6324,CUST55686,BRG0007,CAB07,APOTEK SAHABAT,Padang,Apotek,206,ETIKAL,EPM,ERGOTAMINE COFFEINE,6/10/2022,25,BOTOL,64700
IN6325,CUST55521,BRG0002,CAB07,APOTEK SAHABAT,Padang,Apotek,203,ETIKAL,EPM,ALERGINE TABLET SALUT,1/28/2022,9,DUS,112000
IN6326,CUST55458,BRG0009,CAB04,APOTEK MERDEKA,Bandung,Apotek,207,VNS,TA,AMBROXOL HC,1/31/2022,4,BOTOL,31000
IN6327,CUST55448,BRG0009,CAB02,APOTEK MAJA,Kuningan,Apotek,207,VNS,TA,AMBROXOL HC,1/27/2022,25,BOTOL,31000
